<?xml version="1.0" encoding="utf-8"?>
<GroupBox xmlns:xsi="http://www.w3.org/2001/XMLSchema-instance" xmlns:xsd="http://www.w3.org/2001/XMLSchema">
  <IsEmpty>false</IsEmpty>
  <X>34.2988701696</X>
  <Y>25.2746002944</Y>
  <Height>263.50935940799997</Height>
  <Width>1764.9099072000001</Width>
  <Groups>
    <GroupBox>
      <IsEmpty>false</IsEmpty>
      <X>34.2988701696</X>
      <Y>25.2746002944</Y>
      <Height>262.914561504</Height>
      <Width>1196.898718752</Width>
      <Groups />
      <Boxes>
        <BoundingBox>
          <Code>b3</Code>
          <X>34.2988701696</X>
          <Y>25.2746002944</Y>
          <Height>262.914561504</Height>
          <Width>1196.898718752</Width>
        </BoundingBox>
      </Boxes>
      <Direction>Horizontal</Direction>
    </GroupBox>
    <GroupBox>
      <IsEmpty>true</IsEmpty>
      <X>0</X>
      <Y>0</Y>
      <Height>0</Height>
      <Width>0</Width>
      <Groups />
      <Boxes />
      <Direction>Horizontal</Direction>
    </GroupBox>
    <GroupBox>
      <IsEmpty>false</IsEmpty>
      <X>97.08849216</X>
      <Y>319.82649119999996</Y>
      <Height>151.1656641432</Height>
      <Width>562.735854144</Width>
      <Groups>
        <GroupBox>
          <IsEmpty>false</IsEmpty>
          <X>97.08849216</X>
          <Y>319.82649119999996</Y>
          <Height>144.715248</Height>
          <Width>302.464386144</Width>
          <Groups />
          <Boxes>
            <BoundingBox>
              <Code>b4</Code>
              <X>97.08849216</X>
              <Y>319.82649119999996</Y>
              <Height>144.715248</Height>
              <Width>302.464386144</Width>
            </BoundingBox>
          </Boxes>
          <Direction>Vertical</Direction>
        </GroupBox>
        <GroupBox>
          <IsEmpty>true</IsEmpty>
          <X>0</X>
          <Y>0</Y>
          <Height>0</Height>
          <Width>0</Width>
          <Groups />
          <Boxes />
          <Direction>Vertical</Direction>
        </GroupBox>
        <GroupBox>
          <IsEmpty>false</IsEmpty>
          <X>1230.469056</X>
          <Y>319.82649119999996</Y>
          <Height>151.1656641432</Height>
          <Width>562.735854144</Width>
          <Groups />
          <Boxes>
            <BoundingBox>
              <Code>b7</Code>
              <X>1230.469056</X>
              <Y>319.82649119999996</Y>
              <Height>151.1656641432</Height>
              <Width>562.735854144</Width>
            </BoundingBox>
          </Boxes>
          <Direction>Vertical</Direction>
        </GroupBox>
      </Groups>
      <Boxes />
      <Direction>Horizontal</Direction>
    </GroupBox>
    <GroupBox>
      <IsEmpty>true</IsEmpty>
      <X>0</X>
      <Y>0</Y>
      <Height>0</Height>
      <Width>0</Width>
      <Groups />
      <Boxes />
      <Direction>Horizontal</Direction>
    </GroupBox>
    <GroupBox>
      <IsEmpty>false</IsEmpty>
      <X>36.8969779584</X>
      <Y>495.99215534319995</Y>
      <Height>263.50935940799997</Height>
      <Width>1344.3913440000001</Width>
      <Groups>
        <GroupBox>
          <IsEmpty>false</IsEmpty>
          <X>36.8969779584</X>
          <Y>495.99215534319995</Y>
          <Height>178.98103530720002</Height>
          <Width>1155.5833248000001</Width>
          <Groups />
          <Boxes>
            <BoundingBox>
              <Code>b10</Code>
              <X>36.8969779584</X>
              <Y>495.99215534319995</Y>
              <Height>178.98103530720002</Height>
              <Width>1155.5833248000001</Width>
            </BoundingBox>
          </Boxes>
          <Direction>Vertical</Direction>
        </GroupBox>
        <GroupBox>
          <IsEmpty>true</IsEmpty>
          <X>0</X>
          <Y>0</Y>
          <Height>0</Height>
          <Width>0</Width>
          <Groups />
          <Boxes />
          <Direction>Vertical</Direction>
        </GroupBox>
        <GroupBox>
          <IsEmpty>false</IsEmpty>
          <X>1217.4803027584</X>
          <Y>495.99215534319995</Y>
          <Height>263.50935940799997</Height>
          <Width>1344.3913440000001</Width>
          <Groups />
          <Boxes>
            <BoundingBox>
              <Code>b11</Code>
              <X>1217.4803027584</X>
              <Y>495.99215534319995</Y>
              <Height>263.50935940799997</Height>
              <Width>1344.3913440000001</Width>
            </BoundingBox>
          </Boxes>
          <Direction>Vertical</Direction>
        </GroupBox>
      </Groups>
      <Boxes />
      <Direction>Horizontal</Direction>
    </GroupBox>
    <GroupBox>
      <IsEmpty>true</IsEmpty>
      <X>0</X>
      <Y>0</Y>
      <Height>0</Height>
      <Width>0</Width>
      <Groups />
      <Boxes />
      <Direction>Horizontal</Direction>
    </GroupBox>
    <GroupBox>
      <IsEmpty>false</IsEmpty>
      <X>56.5179311808</X>
      <Y>784.76566876719994</Y>
      <Height>155.78473392</Height>
      <Width>492.367984128</Width>
      <Groups>
        <GroupBox>
          <IsEmpty>false</IsEmpty>
          <X>56.5179311808</X>
          <Y>784.76566876719994</Y>
          <Height>155.78473392</Height>
          <Width>421.7156136</Width>
          <Groups />
          <Boxes>
            <BoundingBox>
              <Code>b5</Code>
              <X>56.5179311808</X>
              <Y>784.76566876719994</Y>
              <Height>155.78473392</Height>
              <Width>421.7156136</Width>
            </BoundingBox>
          </Boxes>
          <Direction>Vertical</Direction>
        </GroupBox>
        <GroupBox>
          <IsEmpty>true</IsEmpty>
          <X>0</X>
          <Y>0</Y>
          <Height>0</Height>
          <Width>0</Width>
          <Groups />
          <Boxes />
          <Direction>Vertical</Direction>
        </GroupBox>
        <GroupBox>
          <IsEmpty>false</IsEmpty>
          <X>1187.6585472</X>
          <Y>784.76566876719994</Y>
          <Height>153.84341664</Height>
          <Width>492.367984128</Width>
          <Groups />
          <Boxes>
            <BoundingBox>
              <Code>b6</Code>
              <X>1187.6585472</X>
              <Y>784.76566876719994</Y>
              <Height>153.84341664</Height>
              <Width>492.367984128</Width>
            </BoundingBox>
          </Boxes>
          <Direction>Vertical</Direction>
        </GroupBox>
      </Groups>
      <Boxes />
      <Direction>Horizontal</Direction>
    </GroupBox>
    <GroupBox>
      <IsEmpty>true</IsEmpty>
      <X>0</X>
      <Y>0</Y>
      <Height>0</Height>
      <Width>0</Width>
      <Groups />
      <Boxes />
      <Direction>Horizontal</Direction>
    </GroupBox>
    <GroupBox>
      <IsEmpty>false</IsEmpty>
      <X>39.1346098272</X>
      <Y>965.5504026872</Y>
      <Height>184.9031712</Height>
      <Width>1231.081719264</Width>
      <Groups>
        <GroupBox>
          <IsEmpty>false</IsEmpty>
          <X>39.1346098272</X>
          <Y>965.5504026872</Y>
          <Height>184.9031712</Height>
          <Width>1125.7947648</Width>
          <Groups />
          <Boxes>
            <BoundingBox>
              <Code>b13</Code>
              <X>39.1346098272</X>
              <Y>965.5504026872</Y>
              <Height>184.9031712</Height>
              <Width>1125.7947648</Width>
            </BoundingBox>
          </Boxes>
          <Direction>Vertical</Direction>
        </GroupBox>
        <GroupBox>
          <IsEmpty>true</IsEmpty>
          <X>0</X>
          <Y>0</Y>
          <Height>0</Height>
          <Width>0</Width>
          <Groups />
          <Boxes />
          <Direction>Vertical</Direction>
        </GroupBox>
        <GroupBox>
          <IsEmpty>false</IsEmpty>
          <X>1204.572962016</X>
          <Y>965.5504026872</Y>
          <Height>172.73452824</Height>
          <Width>1231.081719264</Width>
          <Groups />
          <Boxes>
            <BoundingBox>
              <Code>b12</Code>
              <X>1204.572962016</X>
              <Y>965.5504026872</Y>
              <Height>172.73452824</Height>
              <Width>1231.081719264</Width>
            </BoundingBox>
          </Boxes>
          <Direction>Vertical</Direction>
        </GroupBox>
      </Groups>
      <Boxes />
      <Direction>Horizontal</Direction>
    </GroupBox>
    <GroupBox>
      <IsEmpty>true</IsEmpty>
      <X>0</X>
      <Y>0</Y>
      <Height>0</Height>
      <Width>0</Width>
      <Groups />
      <Boxes />
      <Direction>Horizontal</Direction>
    </GroupBox>
    <GroupBox>
      <IsEmpty>false</IsEmpty>
      <X>59.488391952</X>
      <Y>1209.9311331671997</Y>
      <Height>170.9609976</Height>
      <Width>824.196568032</Width>
      <Groups>
        <GroupBox>
          <IsEmpty>false</IsEmpty>
          <X>59.488391952</X>
          <Y>1209.9311331671997</Y>
          <Height>170.9609976</Height>
          <Width>522.6861312</Width>
          <Groups />
          <Boxes>
            <BoundingBox>
              <Code>b8</Code>
              <X>59.488391952</X>
              <Y>1209.9311331671997</Y>
              <Height>170.9609976</Height>
              <Width>522.6861312</Width>
            </BoundingBox>
          </Boxes>
          <Direction>Vertical</Direction>
        </GroupBox>
        <GroupBox>
          <IsEmpty>true</IsEmpty>
          <X>0</X>
          <Y>0</Y>
          <Height>0</Height>
          <Width>0</Width>
          <Groups />
          <Boxes />
          <Direction>Vertical</Direction>
        </GroupBox>
        <GroupBox>
          <IsEmpty>false</IsEmpty>
          <X>1242.285403392</X>
          <Y>1209.9311331671997</Y>
          <Height>163.7364132</Height>
          <Width>824.196568032</Width>
          <Groups />
          <Boxes>
            <BoundingBox>
              <Code>b9</Code>
              <X>1242.285403392</X>
              <Y>1209.9311331671997</Y>
              <Height>163.7364132</Height>
              <Width>824.196568032</Width>
            </BoundingBox>
          </Boxes>
          <Direction>Vertical</Direction>
        </GroupBox>
      </Groups>
      <Boxes />
      <Direction>Horizontal</Direction>
    </GroupBox>
    <GroupBox>
      <IsEmpty>true</IsEmpty>
      <X>0</X>
      <Y>0</Y>
      <Height>0</Height>
      <Width>0</Width>
      <Groups />
      <Boxes />
      <Direction>Horizontal</Direction>
    </GroupBox>
    <GroupBox>
      <IsEmpty>false</IsEmpty>
      <X>86.5769306112</X>
      <Y>1405.8921307671997</Y>
      <Height>198.77546772</Height>
      <Width>1271.591136</Width>
      <Groups>
        <GroupBox>
          <IsEmpty>false</IsEmpty>
          <X>86.5769306112</X>
          <Y>1405.8921307671997</Y>
          <Height>152.42318856</Height>
          <Width>1126.444719168</Width>
          <Groups />
          <Boxes>
            <BoundingBox>
              <Code>b14</Code>
              <X>86.5769306112</X>
              <Y>1405.8921307671997</Y>
              <Height>152.42318856</Height>
              <Width>1126.444719168</Width>
            </BoundingBox>
          </Boxes>
          <Direction>Vertical</Direction>
        </GroupBox>
        <GroupBox>
          <IsEmpty>true</IsEmpty>
          <X>0</X>
          <Y>0</Y>
          <Height>0</Height>
          <Width>0</Width>
          <Groups />
          <Boxes />
          <Direction>Vertical</Direction>
        </GroupBox>
        <GroupBox>
          <IsEmpty>false</IsEmpty>
          <X>1238.0216497791998</X>
          <Y>1405.8921307671997</Y>
          <Height>198.77546772</Height>
          <Width>1271.591136</Width>
          <Groups />
          <Boxes>
            <BoundingBox>
              <Code>b15</Code>
              <X>1238.0216497791998</X>
              <Y>1405.8921307671997</Y>
              <Height>198.77546772</Height>
              <Width>1271.591136</Width>
            </BoundingBox>
          </Boxes>
          <Direction>Vertical</Direction>
        </GroupBox>
      </Groups>
      <Boxes />
      <Direction>Horizontal</Direction>
    </GroupBox>
    <GroupBox>
      <IsEmpty>true</IsEmpty>
      <X>0</X>
      <Y>0</Y>
      <Height>0</Height>
      <Width>0</Width>
      <Groups />
      <Boxes />
      <Direction>Horizontal</Direction>
    </GroupBox>
    <GroupBox>
      <IsEmpty>false</IsEmpty>
      <X>124.32880512</X>
      <Y>1660.0861363111994</Y>
      <Height>260.501221584</Height>
      <Width>1764.9099072000001</Width>
      <Groups />
      <Boxes>
        <BoundingBox>
          <Code>b2</Code>
          <X>124.32880512</X>
          <Y>1660.0861363111994</Y>
          <Height>260.501221584</Height>
          <Width>1764.9099072000001</Width>
        </BoundingBox>
      </Boxes>
      <Direction>Horizontal</Direction>
    </GroupBox>
    <GroupBox>
      <IsEmpty>true</IsEmpty>
      <X>0</X>
      <Y>0</Y>
      <Height>0</Height>
      <Width>0</Width>
      <Groups />
      <Boxes />
      <Direction>Horizontal</Direction>
    </GroupBox>
    <GroupBox>
      <IsEmpty>false</IsEmpty>
      <X>1688.592178944</X>
      <Y>1945.5873578951994</Y>
      <Height>217.836897048</Height>
      <Width>764.08772256</Width>
      <Groups />
      <Boxes>
        <BoundingBox>
          <Code>b1</Code>
          <X>1688.592178944</X>
          <Y>1945.5873578951994</Y>
          <Height>217.836897048</Height>
          <Width>764.08772256</Width>
        </BoundingBox>
      </Boxes>
      <Direction>Horizontal</Direction>
    </GroupBox>
  </Groups>
  <Boxes />
  <Direction>Vertical</Direction>
</GroupBox>